name,price,stars,rating_count,feature_bullets,images,variant_data
"Glory Closed Hole C Flute With Case, Tuning Rod and Cloth, Gloves, Nickel Siver",$69.99,4.3 out of 5 stars,,"Whether you want to buy a flute for yourself or for your friends or others, this flute is a product of choice as a result of its high quality and cost effective price,The leather pad offers great water resistance and air tightness,Made from Real CUPRONICKEL which contributes to high durability and wonderful tone.,Closed Hole 16 Keys Design,The high grade needle spring has a long lifetime","[{'hiRes': 'https://m.media-amazon.com/images/I/71eu1uNAptL._AC_SL1500_.jpg', 'thumb': 'https://m.media-amazon.com/images/I/51q4XPnA8rL._AC_US40_.jpg', 'large': 'https://m.media-amazon.com/images/I/51q4XPnA8rL._AC_.jpg', 'main': {'https://m.media-amazon.com/images/I/71eu1uNAptL._AC_SY355_.jpg': [355, 355], 'https://m.media-amazon.com/images/I/71eu1uNAptL._AC_SY450_.jpg': [450, 450], 'https://m.media-amazon.com/images/I/71eu1uNAptL._AC_SX425_.jpg': [425, 425], 'https://m.media-amazon.com/images/I/71eu1uNAptL._AC_SX466_.jpg': [466, 466], 'https://m.media-amazon.com/images/I/71eu1uNAptL._AC_SX522_.jpg': [522, 522], 'https://m.media-amazon.com/images/I/71eu1uNAptL._AC_SX569_.jpg': [569, 569], 'https://m.media-amazon.com/images/I/71eu1uNAptL._AC_SX679_.jpg': [679, 679]}, 'variant': 'MAIN', 'lowRes': None, 'shoppableScene': None, 'feedbackMetadata': ''}, {'hiRes': None, 'thumb': 'https://m.media-amazon.com/images/I/51X5++MiCmL._AC_US40_.jpg', 'large': 'https://m.media-amazon.com/images/I/51X5++MiCmL._AC_.jpg', 'main': {'https://m.media-amazon.com/images/I/51X5++MiCmL._AC_SY355_.jpg': [355, 355], 'https://m.media-amazon.com/images/I/51X5++MiCmL._AC_SY450_.jpg': [450, 450], 'https://m.media-amazon.com/images/I/51X5++MiCmL._AC_SX425_.jpg': [425, 425], 'https://m.media-amazon.com/images/I/51X5++MiCmL._AC_SX466_.jpg': [466, 466], 'https://m.media-amazon.com/images/I/51X5++MiCmL._AC_.jpg': [500, 500]}, 'variant': 'PT01', 'lowRes': None, 'shoppableScene': None, 'feedbackMetadata': ''}, {'hiRes': 'https://m.media-amazon.com/images/I/31EFOA+HndL._AC_SL1024_.jpg', 'thumb': 'https://m.media-amazon.com/images/I/21dj8cunqRL._AC_US40_.jpg', 'large': 'https://m.media-amazon.com/images/I/21dj8cunqRL._AC_.jpg', 'main': {'https://m.media-amazon.com/images/I/31EFOA+HndL._AC_SY355_.jpg': [355, 248], 'https://m.media-amazon.com/images/I/31EFOA+HndL._AC_SY450_.jpg': [450, 314], 'https://m.media-amazon.com/images/I/31EFOA+HndL._AC_SY550_.jpg': [550, 383], 'https://m.media-amazon.com/images/I/31EFOA+HndL._AC_SY606_.jpg': [606, 423], 'https://m.media-amazon.com/images/I/31EFOA+HndL._AC_SY679_.jpg': [679, 473], 'https://m.media-amazon.com/images/I/31EFOA+HndL._AC_SY741_.jpg': [741, 517], 'https://m.media-amazon.com/images/I/31EFOA+HndL._AC_SY879_.jpg': [879, 613]}, 'variant': 'PT03', 'lowRes': None, 'shoppableScene': None, 'feedbackMetadata': ''}, {'hiRes': 'https://m.media-amazon.com/images/I/71Q20I7NeaL._AC_SL1500_.jpg', 'thumb': 'https://m.media-amazon.com/images/I/41TmwfGqETL._AC_US40_.jpg', 'large': 'https://m.media-amazon.com/images/I/41TmwfGqETL._AC_.jpg', 'main': {'https://m.media-amazon.com/images/I/71Q20I7NeaL._AC_SX355_.jpg': [273, 355], 'https://m.media-amazon.com/images/I/71Q20I7NeaL._AC_SX450_.jpg': [347, 450], 'https://m.media-amazon.com/images/I/71Q20I7NeaL._AC_SX425_.jpg': [327, 425], 'https://m.media-amazon.com/images/I/71Q20I7NeaL._AC_SX466_.jpg': [359, 466], 'https://m.media-amazon.com/images/I/71Q20I7NeaL._AC_SX522_.jpg': [402, 522], 'https://m.media-amazon.com/images/I/71Q20I7NeaL._AC_SX569_.jpg': [438, 569], 'https://m.media-amazon.com/images/I/71Q20I7NeaL._AC_SX679_.jpg': [523, 679]}, 'variant': 'PT04', 'lowRes': None, 'shoppableScene': None, 'feedbackMetadata': ''}, {'hiRes': 'https://m.media-amazon.com/images/I/71v7dl-71mL._AC_SL1500_.jpg', 'thumb': 'https://m.media-amazon.com/images/I/41fHkGiZVhL._AC_US40_.jpg', 'large': 'https://m.media-amazon.com/images/I/41fHkGiZVhL._AC_.jpg', 'main': {'https://m.media-amazon.com/images/I/71v7dl-71mL._AC_SX355_.jpg': [283, 355], 'https://m.media-amazon.com/images/I/71v7dl-71mL._AC_SX450_.jpg': [359, 450], 'https://m.media-amazon.com/images/I/71v7dl-71mL._AC_SX425_.jpg': [339, 425], 'https://m.media-amazon.com/images/I/71v7dl-71mL._AC_SX466_.jpg': [372, 466], 'https://m.media-amazon.com/images/I/71v7dl-71mL._AC_SX522_.jpg': [417, 522], 'https://m.media-amazon.com/images/I/71v7dl-71mL._AC_SX569_.jpg': [454, 569], 'https://m.media-amazon.com/images/I/71v7dl-71mL._AC_SX679_.jpg': [542, 679]}, 'variant': 'PT05', 'lowRes': None, 'shoppableScene': None, 'feedbackMetadata': ''}, {'hiRes': 'https://m.media-amazon.com/images/I/71nwUCTpMoL._AC_SL1500_.jpg', 'thumb': 'https://m.media-amazon.com/images/I/417MdATrd0L._AC_US40_.jpg', 'large': 'https://m.media-amazon.com/images/I/417MdATrd0L._AC_.jpg', 'main': {'https://m.media-amazon.com/images/I/71nwUCTpMoL._AC_SX355_.jpg': [294, 355], 'https://m.media-amazon.com/images/I/71nwUCTpMoL._AC_SX450_.jpg': [373, 450], 'https://m.media-amazon.com/images/I/71nwUCTpMoL._AC_SX425_.jpg': [352, 425], 'https://m.media-amazon.com/images/I/71nwUCTpMoL._AC_SX466_.jpg': [386, 466], 'https://m.media-amazon.com/images/I/71nwUCTpMoL._AC_SX522_.jpg': [433, 522], 'https://m.media-amazon.com/images/I/71nwUCTpMoL._AC_SX569_.jpg': [472, 569], 'https://m.media-amazon.com/images/I/71nwUCTpMoL._AC_SX679_.jpg': [563, 679]}, 'variant': 'PT06', 'lowRes': None, 'shoppableScene': None, 'feedbackMetadata': ''}, {'hiRes': 'https://m.media-amazon.com/images/I/711V+C4zHDL._AC_SL1500_.jpg', 'thumb': 'https://m.media-amazon.com/images/I/41y6uJGZWuL._AC_US40_.jpg', 'large': 'https://m.media-amazon.com/images/I/41y6uJGZWuL._AC_.jpg', 'main': {'https://m.media-amazon.com/images/I/711V+C4zHDL._AC_SX355_.jpg': [260, 355], 'https://m.media-amazon.com/images/I/711V+C4zHDL._AC_SX450_.jpg': [330, 450], 'https://m.media-amazon.com/images/I/711V+C4zHDL._AC_SX425_.jpg': [312, 425], 'https://m.media-amazon.com/images/I/711V+C4zHDL._AC_SX466_.jpg': [342, 466], 'https://m.media-amazon.com/images/I/711V+C4zHDL._AC_SX522_.jpg': [383, 522], 'https://m.media-amazon.com/images/I/711V+C4zHDL._AC_SX569_.jpg': [417, 569], 'https://m.media-amazon.com/images/I/711V+C4zHDL._AC_SX679_.jpg': [498, 679]}, 'variant': 'PT07', 'lowRes': None, 'shoppableScene': None, 'feedbackMetadata': ''}]","{""B00OLAIXEA"":[""Blue""],""B00OLAJ3W6"":[""Niclel Silver""],""B00OKE5DXQ"":[""Light Pink""],""B00OLAJ0LK"":[""Purple""],""B00OLAJ6YQ"":[""Nickel/Gold""],""B00OTIXHYK"":[""Pink""],""B00OLAJFM4"":[""White/Gold""],""B00OKDWQSW"":[""Black/Silver""],""B00OTI6YKO"":[""Green""],""B00OKA9HYQ"":[""White""],""B00OTIN2DQ"":[""Black""],""B00OLAJIXK"":[""Red""],""B00PRIYD1W"":[""Sea Blue""],""B00OLAJ218"":[""Black/Gold""]}"
"Quinta Pentatonic Wooden Flute without a Tone Block, Cherry Wood",$138.92,4.8 out of 5 stars,,"Cherry Wood - Made in Sweden,Range: d''-e''-g''-a''-b''-d'''-e'',Accessories: wooden cleaning swab, cotton flute bag,The Quinta Pentatonic Flute is a newly developed flute without a tone block,A=440 Hz","[{'hiRes': 'https://m.media-amazon.com/images/I/71dNg+yKEwL._AC_SL1500_.jpg', 'thumb': 'https://m.media-amazon.com/images/I/41FhG342zGL._AC_US40_.jpg', 'large': 'https://m.media-amazon.com/images/I/41FhG342zGL._AC_.jpg', 'main': {'https://m.media-amazon.com/images/I/71dNg+yKEwL._AC_SY355_.jpg': [355, 355], 'https://m.media-amazon.com/images/I/71dNg+yKEwL._AC_SY450_.jpg': [450, 450], 'https://m.media-amazon.com/images/I/71dNg+yKEwL._AC_SX425_.jpg': [425, 425], 'https://m.media-amazon.com/images/I/71dNg+yKEwL._AC_SX466_.jpg': [466, 466], 'https://m.media-amazon.com/images/I/71dNg+yKEwL._AC_SX522_.jpg': [522, 522], 'https://m.media-amazon.com/images/I/71dNg+yKEwL._AC_SX569_.jpg': [569, 569], 'https://m.media-amazon.com/images/I/71dNg+yKEwL._AC_SX679_.jpg': [679, 679]}, 'variant': 'MAIN', 'lowRes': None, 'shoppableScene': None, 'feedbackMetadata': ''}]",
SUREHOME Plastic Champagne Flutes 40 Pack Disposable Champagne Glasses 5.5 Oz Clear Plastic Mimosa Glasses Wedding Cocktail Cups Bulk for Engagement Birthday Graduation Decorations 2025 Party Supplies,$19.99,4.5 out of 5 stars,,"►【Convenience in Bulk】: With a pack of 40 clear plastic champagne flutes disposable, you'll have an ample supply for medium parties, events, or family celebrations. This ensures that all your guests can enjoy a glass of bubbly without worrying about running out of glassware.,►【Shatterproof and Durable】: Unlike fragile glass flutes, plastic champagne glasses disposable are shatterproof and highly durable. This makes them ideal for events where accidents are more likely to happen, such as crowded parties or venues with limited space. You can enjoy the festivities without the concern of broken glass.,►【Easy Clean up】: After the party is over, cleaning up becomes hassle-free with disposable plastic champagne flutes glass. Rather than spending time washing delicate glassware, you can simply dispose of the used plastic mimosa glasses disposable plastic, saving both time and effort. This convenience is especially appreciated during large events or when hosting multiple gatherings.,►【Lightweight and Portable】: Plastic champagne cups are lightweight and easy to carry, making them perfect for on-the-go celebrations. Whether you're hosting a picnic, pool parties, beach party, or outdoor wedding, this clear champagne flutes plastic 40 pack can be easily transported without the fear of breakage.Disposable champagne glasses offer an excellent alternative to traditional glassware.,►【Versatile Design】: The pack of 40 disposable champagne flute offers versatility in design, allowing you to find the perfect fit for your occasion.Plastic champagne flutes disposable 40 pack can be customized or personalized for special occasions such as weddings, birthdays, happy new year eve, or corporate events. Whether you prefer a sleek and modern look or a fun and colorful design, you can DIY plastic flutes champagne disposable that match your theme or aesthetic.","[{'hiRes': 'https://m.media-amazon.com/images/I/71L0LfvEdiL._AC_SL1280_.jpg', 'thumb': 'https://m.media-amazon.com/images/I/51h1LL8f8CL._AC_US100_.jpg', 'large': 'https://m.media-amazon.com/images/I/51h1LL8f8CL._AC_.jpg', 'main': {'https://m.media-amazon.com/images/I/71L0LfvEdiL._AC_SY355_.jpg': [355, 355], 'https://m.media-amazon.com/images/I/71L0LfvEdiL._AC_SY450_.jpg': [450, 450], 'https://m.media-amazon.com/images/I/71L0LfvEdiL._AC_SX425_.jpg': [425, 425], 'https://m.media-amazon.com/images/I/71L0LfvEdiL._AC_SX466_.jpg': [466, 466], 'https://m.media-amazon.com/images/I/71L0LfvEdiL._AC_SX522_.jpg': [522, 522], 'https://m.media-amazon.com/images/I/71L0LfvEdiL._AC_SX569_.jpg': [569, 569], 'https://m.media-amazon.com/images/I/71L0LfvEdiL._AC_SX679_.jpg': [679, 679]}, 'variant': 'MAIN', 'lowRes': None, 'shoppableScene': None, 'feedbackMetadata': ''}, {'hiRes': 'https://m.media-amazon.com/images/I/71atge9-mhL._AC_SL1500_.jpg', 'thumb': 'https://m.media-amazon.com/images/I/51nPiFrURqL._AC_US100_.jpg', 'large': 'https://m.media-amazon.com/images/I/51nPiFrURqL._AC_.jpg', 'main': {'https://m.media-amazon.com/images/I/71atge9-mhL._AC_SY355_.jpg': [355, 355], 'https://m.media-amazon.com/images/I/71atge9-mhL._AC_SY450_.jpg': [450, 450], 'https://m.media-amazon.com/images/I/71atge9-mhL._AC_SX425_.jpg': [425, 425], 'https://m.media-amazon.com/images/I/71atge9-mhL._AC_SX466_.jpg': [466, 466], 'https://m.media-amazon.com/images/I/71atge9-mhL._AC_SX522_.jpg': [522, 522], 'https://m.media-amazon.com/images/I/71atge9-mhL._AC_SX569_.jpg': [569, 569], 'https://m.media-amazon.com/images/I/71atge9-mhL._AC_SX679_.jpg': [679, 679]}, 'variant': 'PT01', 'lowRes': None, 'shoppableScene': None, 'feedbackMetadata': ''}, {'hiRes': 'https://m.media-amazon.com/images/I/81Cuetc03gL._AC_SL1500_.jpg', 'thumb': 'https://m.media-amazon.com/images/I/61DnNiRWG4L._AC_US100_.jpg', 'large': 'https://m.media-amazon.com/images/I/61DnNiRWG4L._AC_.jpg', 'main': {'https://m.media-amazon.com/images/I/81Cuetc03gL._AC_SY355_.jpg': [355, 355], 'https://m.media-amazon.com/images/I/81Cuetc03gL._AC_SY450_.jpg': [450, 450], 'https://m.media-amazon.com/images/I/81Cuetc03gL._AC_SX425_.jpg': [425, 425], 'https://m.media-amazon.com/images/I/81Cuetc03gL._AC_SX466_.jpg': [466, 466], 'https://m.media-amazon.com/images/I/81Cuetc03gL._AC_SX522_.jpg': [522, 522], 'https://m.media-amazon.com/images/I/81Cuetc03gL._AC_SX569_.jpg': [569, 569], 'https://m.media-amazon.com/images/I/81Cuetc03gL._AC_SX679_.jpg': [679, 679]}, 'variant': 'PT02', 'lowRes': None, 'shoppableScene': None, 'feedbackMetadata': ''}, {'hiRes': 'https://m.media-amazon.com/images/I/71IQIT727EL._AC_SL1500_.jpg', 'thumb': 'https://m.media-amazon.com/images/I/51Saxwy4gtL._AC_US100_.jpg', 'large': 'https://m.media-amazon.com/images/I/51Saxwy4gtL._AC_.jpg', 'main': {'https://m.media-amazon.com/images/I/71IQIT727EL._AC_SY355_.jpg': [355, 355], 'https://m.media-amazon.com/images/I/71IQIT727EL._AC_SY450_.jpg': [450, 450], 'https://m.media-amazon.com/images/I/71IQIT727EL._AC_SX425_.jpg': [425, 425], 'https://m.media-amazon.com/images/I/71IQIT727EL._AC_SX466_.jpg': [466, 466], 'https://m.media-amazon.com/images/I/71IQIT727EL._AC_SX522_.jpg': [522, 522], 'https://m.media-amazon.com/images/I/71IQIT727EL._AC_SX569_.jpg': [569, 569], 'https://m.media-amazon.com/images/I/71IQIT727EL._AC_SX679_.jpg': [679, 679]}, 'variant': 'PT03', 'lowRes': None, 'shoppableScene': None, 'feedbackMetadata': ''}, {'hiRes': 'https://m.media-amazon.com/images/I/816lrTj3zlL._AC_SL1500_.jpg', 'thumb': 'https://m.media-amazon.com/images/I/61WHdFIN1WL._AC_US100_.jpg', 'large': 'https://m.media-amazon.com/images/I/61WHdFIN1WL._AC_.jpg', 'main': {'https://m.media-amazon.com/images/I/816lrTj3zlL._AC_SY355_.jpg': [355, 355], 'https://m.media-amazon.com/images/I/816lrTj3zlL._AC_SY450_.jpg': [450, 450], 'https://m.media-amazon.com/images/I/816lrTj3zlL._AC_SX425_.jpg': [425, 425], 'https://m.media-amazon.com/images/I/816lrTj3zlL._AC_SX466_.jpg': [466, 466], 'https://m.media-amazon.com/images/I/816lrTj3zlL._AC_SX522_.jpg': [522, 522], 'https://m.media-amazon.com/images/I/816lrTj3zlL._AC_SX569_.jpg': [569, 569], 'https://m.media-amazon.com/images/I/816lrTj3zlL._AC_SX679_.jpg': [679, 679]}, 'variant': 'PT04', 'lowRes': None, 'shoppableScene': None, 'feedbackMetadata': ''}, {'hiRes': 'https://m.media-amazon.com/images/I/71yMJEDrxrL._AC_SL1500_.jpg', 'thumb': 'https://m.media-amazon.com/images/I/515LqRoR0ML._AC_US100_.jpg', 'large': 'https://m.media-amazon.com/images/I/515LqRoR0ML._AC_.jpg', 'main': {'https://m.media-amazon.com/images/I/71yMJEDrxrL._AC_SY355_.jpg': [355, 355], 'https://m.media-amazon.com/images/I/71yMJEDrxrL._AC_SY450_.jpg': [450, 450], 'https://m.media-amazon.com/images/I/71yMJEDrxrL._AC_SX425_.jpg': [425, 425], 'https://m.media-amazon.com/images/I/71yMJEDrxrL._AC_SX466_.jpg': [466, 466], 'https://m.media-amazon.com/images/I/71yMJEDrxrL._AC_SX522_.jpg': [522, 522], 'https://m.media-amazon.com/images/I/71yMJEDrxrL._AC_SX569_.jpg': [569, 569], 'https://m.media-amazon.com/images/I/71yMJEDrxrL._AC_SX679_.jpg': [679, 679]}, 'variant': 'PT05', 'lowRes': None, 'shoppableScene': None, 'feedbackMetadata': ''}, {'hiRes': 'https://m.media-amazon.com/images/I/8109fr2qeKL._AC_SL1500_.jpg', 'thumb': 'https://m.media-amazon.com/images/I/51YMupRPdXL._AC_US100_.jpg', 'large': 'https://m.media-amazon.com/images/I/51YMupRPdXL._AC_.jpg', 'main': {'https://m.media-amazon.com/images/I/8109fr2qeKL._AC_SY355_.jpg': [355, 355], 'https://m.media-amazon.com/images/I/8109fr2qeKL._AC_SY450_.jpg': [450, 450], 'https://m.media-amazon.com/images/I/8109fr2qeKL._AC_SX425_.jpg': [425, 425], 'https://m.media-amazon.com/images/I/8109fr2qeKL._AC_SX466_.jpg': [466, 466], 'https://m.media-amazon.com/images/I/8109fr2qeKL._AC_SX522_.jpg': [522, 522], 'https://m.media-amazon.com/images/I/8109fr2qeKL._AC_SX569_.jpg': [569, 569], 'https://m.media-amazon.com/images/I/8109fr2qeKL._AC_SX679_.jpg': [679, 679]}, 'variant': 'PT06', 'lowRes': None, 'shoppableScene': None, 'feedbackMetadata': ''}]","{""B0D254QL2J"":[""Silver Glitter"",""100 Count (Pack of 1)""],""B0DP8R7J6V"":[""Clear"",""20 Count (Pack of 1)""],""B0C7Q4QG49"":[""Clear"",""100 Count (Pack of 1)""],""B0CWLDZLWX"":[""Pink"",""40 Count (Pack of 1)""],""B0D2591PM1"":[""Silver Rim"",""40 Count (Pack of 1)""],""B0D25JL4L8"":[""Gold Glitter"",""100 Count (Pack of 1)""],""B0CHNQRLS4"":[""Clear"",""40 Count (Pack of 1)""],""B0B87CSRNW"":[""Clear"",""200 Count (Pack of 1)""],""B0D25BW935"":[""gold rim"",""40 Count (Pack of 1)""],""B0D2597F29"":[""gold rim"",""100 Count (Pack of 1)""]}"
Traditional Wooden Flute Great Sound Woodwind Musical Instrument - Gift Flute for Kids (Set of 2),$11.00,3.3 out of 5 stars,,"Dimensions: Height - 13 inches & Width - 1 inches,Easy and fun to play - With 6 holes has a bright musical tone sounds amazing.,Its unique look makes it a nice decorative even when not being used. Makes a heart-warming gift for a music lover.","[{'hiRes': 'https://m.media-amazon.com/images/I/61+PlxQtieL._AC_SL1500_.jpg', 'thumb': 'https://m.media-amazon.com/images/I/31hMPT5rgtL._AC_US40_.jpg', 'large': 'https://m.media-amazon.com/images/I/31hMPT5rgtL._AC_.jpg', 'main': {'https://m.media-amazon.com/images/I/61+PlxQtieL._AC_SY355_.jpg': [355, 355], 'https://m.media-amazon.com/images/I/61+PlxQtieL._AC_SY450_.jpg': [450, 450], 'https://m.media-amazon.com/images/I/61+PlxQtieL._AC_SX425_.jpg': [425, 425], 'https://m.media-amazon.com/images/I/61+PlxQtieL._AC_SX466_.jpg': [466, 466], 'https://m.media-amazon.com/images/I/61+PlxQtieL._AC_SX522_.jpg': [522, 522], 'https://m.media-amazon.com/images/I/61+PlxQtieL._AC_SX569_.jpg': [569, 569], 'https://m.media-amazon.com/images/I/61+PlxQtieL._AC_SX679_.jpg': [679, 679]}, 'variant': 'MAIN', 'lowRes': None, 'shoppableScene': None, 'feedbackMetadata': ''}, {'hiRes': None, 'thumb': 'https://m.media-amazon.com/images/I/31zBnWvmG1L._AC_US40_.jpg', 'large': 'https://m.media-amazon.com/images/I/31zBnWvmG1L._AC_.jpg', 'main': {'https://m.media-amazon.com/images/I/31zBnWvmG1L._AC_SY355_.jpg': [355, 355], 'https://m.media-amazon.com/images/I/31zBnWvmG1L._AC_SY450_.jpg': [450, 450], 'https://m.media-amazon.com/images/I/31zBnWvmG1L._AC_SX425_.jpg': [425, 425], 'https://m.media-amazon.com/images/I/31zBnWvmG1L._AC_SX466_.jpg': [466, 466], 'https://m.media-amazon.com/images/I/31zBnWvmG1L._AC_.jpg': [500, 500]}, 'variant': 'PT01', 'lowRes': None, 'shoppableScene': None, 'feedbackMetadata': ''}]","{""B06XVV12JD"":[""Set of 2""],""B086MS4RCS"":[""Set of 4""],""B086MSQRYZ"":[""One""]}"
Yamaha YFL-462H Intermediate Flute with Gold Lip Plate,"$2,589.99",5 out of 5 stars,,"Concert Flute with Sterling Silver Headjoint,Silver-plated Open-hole Keys,Gold Lip Plate,B Footjoint,Offset G","[{'hiRes': 'https://m.media-amazon.com/images/I/51cYww4CRcL._AC_SL1500_.jpg', 'thumb': 'https://m.media-amazon.com/images/I/21CPTb2xDwL._AC_US40_.jpg', 'large': 'https://m.media-amazon.com/images/I/21CPTb2xDwL._AC_.jpg', 'main': {'https://m.media-amazon.com/images/I/51cYww4CRcL._AC_SX355_.jpg': [165, 355], 'https://m.media-amazon.com/images/I/51cYww4CRcL._AC_SX450_.jpg': [210, 450], 'https://m.media-amazon.com/images/I/51cYww4CRcL._AC_SX425_.jpg': [198, 425], 'https://m.media-amazon.com/images/I/51cYww4CRcL._AC_SX466_.jpg': [217, 466], 'https://m.media-amazon.com/images/I/51cYww4CRcL._AC_SX522_.jpg': [243, 522], 'https://m.media-amazon.com/images/I/51cYww4CRcL._AC_SX569_.jpg': [265, 569], 'https://m.media-amazon.com/images/I/51cYww4CRcL._AC_SX679_.jpg': [316, 679]}, 'variant': 'MAIN', 'lowRes': None, 'shoppableScene': None, 'feedbackMetadata': ''}]",
"Broadway Gift Decorative Miniature Silver Flute Music Instrument -Miniature Replica with Lined Case, Size 3 in.",$16.99,3.6 out of 5 stars,,"Elegant Design: Miniature replica of a silver flute with exquisite attention to detail.,Compact Size: Measures 3 inches, making it perfect for display on shelves, desks, or as a collectible. Does not play!,Great Gift Idea: Ideal for music lovers, flute enthusiasts, and collectors of miniatures.","[{'hiRes': 'https://m.media-amazon.com/images/I/71OEyMahHIL._AC_SL1500_.jpg', 'thumb': 'https://m.media-amazon.com/images/I/41CaULoMQbL._AC_US40_.jpg', 'large': 'https://m.media-amazon.com/images/I/41CaULoMQbL._AC_.jpg', 'main': {'https://m.media-amazon.com/images/I/71OEyMahHIL._AC_SY355_.jpg': [355, 355], 'https://m.media-amazon.com/images/I/71OEyMahHIL._AC_SY450_.jpg': [450, 450], 'https://m.media-amazon.com/images/I/71OEyMahHIL._AC_SX425_.jpg': [425, 425], 'https://m.media-amazon.com/images/I/71OEyMahHIL._AC_SX466_.jpg': [466, 466], 'https://m.media-amazon.com/images/I/71OEyMahHIL._AC_SX522_.jpg': [522, 522], 'https://m.media-amazon.com/images/I/71OEyMahHIL._AC_SX569_.jpg': [569, 569], 'https://m.media-amazon.com/images/I/71OEyMahHIL._AC_SX679_.jpg': [679, 679]}, 'variant': 'MAIN', 'lowRes': None, 'shoppableScene': None, 'feedbackMetadata': ''}, {'hiRes': 'https://m.media-amazon.com/images/I/81lJxaNhT1L._AC_SL1500_.jpg', 'thumb': 'https://m.media-amazon.com/images/I/41RFsVYJzRL._AC_US40_.jpg', 'large': 'https://m.media-amazon.com/images/I/41RFsVYJzRL._AC_.jpg', 'main': {'https://m.media-amazon.com/images/I/81lJxaNhT1L._AC_SY355_.jpg': [355, 355], 'https://m.media-amazon.com/images/I/81lJxaNhT1L._AC_SY450_.jpg': [450, 450], 'https://m.media-amazon.com/images/I/81lJxaNhT1L._AC_SX425_.jpg': [425, 425], 'https://m.media-amazon.com/images/I/81lJxaNhT1L._AC_SX466_.jpg': [466, 466], 'https://m.media-amazon.com/images/I/81lJxaNhT1L._AC_SX522_.jpg': [522, 522], 'https://m.media-amazon.com/images/I/81lJxaNhT1L._AC_SX569_.jpg': [569, 569], 'https://m.media-amazon.com/images/I/81lJxaNhT1L._AC_SX679_.jpg': [679, 679]}, 'variant': 'PT01', 'lowRes': None, 'shoppableScene': None, 'feedbackMetadata': ''}, {'hiRes': None, 'thumb': 'https://m.media-amazon.com/images/I/318xV2bEogL._AC_US40_.jpg', 'large': 'https://m.media-amazon.com/images/I/318xV2bEogL._AC_.jpg', 'main': {'https://m.media-amazon.com/images/I/318xV2bEogL._AC_SX355_.jpg': [313, 355], 'https://m.media-amazon.com/images/I/318xV2bEogL._AC_SX450_.jpg': [397, 450], 'https://m.media-amazon.com/images/I/318xV2bEogL._AC_SX425_.jpg': [375, 425], 'https://m.media-amazon.com/images/I/318xV2bEogL._AC_SX466_.jpg': [411, 466], 'https://m.media-amazon.com/images/I/318xV2bEogL._AC_SX522_.jpg': [460, 522], 'https://m.media-amazon.com/images/I/318xV2bEogL._AC_SX569_.jpg': [502, 569], 'https://m.media-amazon.com/images/I/318xV2bEogL._AC_SX679_.jpg': [599, 679]}, 'variant': 'PT02', 'lowRes': None, 'shoppableScene': None, 'feedbackMetadata': ''}, {'hiRes': None, 'thumb': 'https://m.media-amazon.com/images/I/41zv9ia6TIL._AC_US40_.jpg', 'large': 'https://m.media-amazon.com/images/I/41zv9ia6TIL._AC_.jpg', 'main': {'https://m.media-amazon.com/images/I/41zv9ia6TIL._AC_SY355_.jpg': [355, 355], 'https://m.media-amazon.com/images/I/41zv9ia6TIL._AC_SY450_.jpg': [450, 450], 'https://m.media-amazon.com/images/I/41zv9ia6TIL._AC_SX425_.jpg': [425, 425], 'https://m.media-amazon.com/images/I/41zv9ia6TIL._AC_SX466_.jpg': [466, 466], 'https://m.media-amazon.com/images/I/41zv9ia6TIL._AC_.jpg': [500, 500]}, 'variant': 'PT03', 'lowRes': None, 'shoppableScene': None, 'feedbackMetadata': ''}, {'hiRes': 'https://m.media-amazon.com/images/I/61JAtA7ZYNL._AC_SL1500_.jpg', 'thumb': 'https://m.media-amazon.com/images/I/31-yjhtHf7L._AC_US40_.jpg', 'large': 'https://m.media-amazon.com/images/I/31-yjhtHf7L._AC_.jpg', 'main': {'https://m.media-amazon.com/images/I/61JAtA7ZYNL._AC_SY355_.jpg': [355, 355], 'https://m.media-amazon.com/images/I/61JAtA7ZYNL._AC_SY450_.jpg': [450, 450], 'https://m.media-amazon.com/images/I/61JAtA7ZYNL._AC_SX425_.jpg': [425, 425], 'https://m.media-amazon.com/images/I/61JAtA7ZYNL._AC_SX466_.jpg': [466, 466], 'https://m.media-amazon.com/images/I/61JAtA7ZYNL._AC_SX522_.jpg': [522, 522], 'https://m.media-amazon.com/images/I/61JAtA7ZYNL._AC_SX569_.jpg': [569, 569], 'https://m.media-amazon.com/images/I/61JAtA7ZYNL._AC_SX679_.jpg': [679, 679]}, 'variant': 'PT04', 'lowRes': None, 'shoppableScene': None, 'feedbackMetadata': ''}, {'hiRes': 'https://m.media-amazon.com/images/I/71k5hT3RaaL._AC_SL1500_.jpg', 'thumb': 'https://m.media-amazon.com/images/I/41Xbppb9LBL._AC_US40_.jpg', 'large': 'https://m.media-amazon.com/images/I/41Xbppb9LBL._AC_.jpg', 'main': {'https://m.media-amazon.com/images/I/71k5hT3RaaL._AC_SY355_.jpg': [355, 355], 'https://m.media-amazon.com/images/I/71k5hT3RaaL._AC_SY450_.jpg': [450, 450], 'https://m.media-amazon.com/images/I/71k5hT3RaaL._AC_SX425_.jpg': [425, 425], 'https://m.media-amazon.com/images/I/71k5hT3RaaL._AC_SX466_.jpg': [466, 466], 'https://m.media-amazon.com/images/I/71k5hT3RaaL._AC_SX522_.jpg': [522, 522], 'https://m.media-amazon.com/images/I/71k5hT3RaaL._AC_SX569_.jpg': [569, 569], 'https://m.media-amazon.com/images/I/71k5hT3RaaL._AC_SX679_.jpg': [679, 679]}, 'variant': 'PT05', 'lowRes': None, 'shoppableScene': None, 'feedbackMetadata': ''}]",
"ZEFF Closed Hole C Flute, 16 Keys Instrument for Beginners, Kids, Student, Nickel-plated Flute with Case,Stand, Cleaning Kit, Gloves and Tuning Rod",$77.59,4.4 out of 5 stars,,"Exquisite Craftsmanship: Crafted with a cupronickel body, leather pads, high-capacity memory spring needle and elastic sheep casings, this flute can make good resonance, more explosive.,Professional: This flute for kids is a closed hole C flute with offset G key and split E key; 16 keys altogether, bring bright tone with accurate pitch and first-rate timbre.,Elegant Design: As beautiful as most kids musical instruments, all key shapes and placement have been ergonomically designed for a comfortable, natural-feeling performance.,Great Flute For Beginners: The flute features an undercut beveled embouchure that is a breeze to blow, and double-bladder pads that provide superior comfort. Perfect for students/beginners/beginner players to practice or perform.,All Inclusive Package: You'll receive everything you need to get started, including a flute, a durable hard case, a flute stand, cleaning kit, adjustment screws, and white gloves. （Rigorously tested before leaving the factory）","[{'hiRes': 'https://m.media-amazon.com/images/I/71ISF+arr+L._AC_SL1500_.jpg', 'thumb': 'https://m.media-amazon.com/images/I/41VQkqGRUNL._AC_US40_.jpg', 'large': 'https://m.media-amazon.com/images/I/41VQkqGRUNL._AC_.jpg', 'main': {'https://m.media-amazon.com/images/I/71ISF+arr+L._AC_SY355_.jpg': [355, 355], 'https://m.media-amazon.com/images/I/71ISF+arr+L._AC_SY450_.jpg': [450, 450], 'https://m.media-amazon.com/images/I/71ISF+arr+L._AC_SX425_.jpg': [425, 425], 'https://m.media-amazon.com/images/I/71ISF+arr+L._AC_SX466_.jpg': [466, 466], 'https://m.media-amazon.com/images/I/71ISF+arr+L._AC_SX522_.jpg': [522, 522], 'https://m.media-amazon.com/images/I/71ISF+arr+L._AC_SX569_.jpg': [569, 569], 'https://m.media-amazon.com/images/I/71ISF+arr+L._AC_SX679_.jpg': [679, 679]}, 'variant': 'MAIN', 'lowRes': None, 'shoppableScene': None, 'feedbackMetadata': ''}, {'hiRes': 'https://m.media-amazon.com/images/I/71kNcQ5C+rL._AC_SL1500_.jpg', 'thumb': 'https://m.media-amazon.com/images/I/51knGqiPogL._AC_US40_.jpg', 'large': 'https://m.media-amazon.com/images/I/51knGqiPogL._AC_.jpg', 'main': {'https://m.media-amazon.com/images/I/71kNcQ5C+rL._AC_SY355_.jpg': [355, 355], 'https://m.media-amazon.com/images/I/71kNcQ5C+rL._AC_SY450_.jpg': [450, 450], 'https://m.media-amazon.com/images/I/71kNcQ5C+rL._AC_SX425_.jpg': [425, 425], 'https://m.media-amazon.com/images/I/71kNcQ5C+rL._AC_SX466_.jpg': [466, 466], 'https://m.media-amazon.com/images/I/71kNcQ5C+rL._AC_SX522_.jpg': [522, 522], 'https://m.media-amazon.com/images/I/71kNcQ5C+rL._AC_SX569_.jpg': [569, 569], 'https://m.media-amazon.com/images/I/71kNcQ5C+rL._AC_SX679_.jpg': [679, 679]}, 'variant': 'PT01', 'lowRes': None, 'shoppableScene': None, 'feedbackMetadata': ''}, {'hiRes': 'https://m.media-amazon.com/images/I/71j1Nmy4B4L._AC_SL1500_.jpg', 'thumb': 'https://m.media-amazon.com/images/I/41Lp90qrFHL._AC_US40_.jpg', 'large': 'https://m.media-amazon.com/images/I/41Lp90qrFHL._AC_.jpg', 'main': {'https://m.media-amazon.com/images/I/71j1Nmy4B4L._AC_SY355_.jpg': [355, 355], 'https://m.media-amazon.com/images/I/71j1Nmy4B4L._AC_SY450_.jpg': [450, 450], 'https://m.media-amazon.com/images/I/71j1Nmy4B4L._AC_SX425_.jpg': [425, 425], 'https://m.media-amazon.com/images/I/71j1Nmy4B4L._AC_SX466_.jpg': [466, 466], 'https://m.media-amazon.com/images/I/71j1Nmy4B4L._AC_SX522_.jpg': [522, 522], 'https://m.media-amazon.com/images/I/71j1Nmy4B4L._AC_SX569_.jpg': [569, 569], 'https://m.media-amazon.com/images/I/71j1Nmy4B4L._AC_SX679_.jpg': [679, 679]}, 'variant': 'PT02', 'lowRes': None, 'shoppableScene': None, 'feedbackMetadata': ''}, {'hiRes': 'https://m.media-amazon.com/images/I/71c0ZqeB3fL._AC_SL1500_.jpg', 'thumb': 'https://m.media-amazon.com/images/I/51laej8aovL._AC_US40_.jpg', 'large': 'https://m.media-amazon.com/images/I/51laej8aovL._AC_.jpg', 'main': {'https://m.media-amazon.com/images/I/71c0ZqeB3fL._AC_SY355_.jpg': [355, 355], 'https://m.media-amazon.com/images/I/71c0ZqeB3fL._AC_SY450_.jpg': [450, 450], 'https://m.media-amazon.com/images/I/71c0ZqeB3fL._AC_SX425_.jpg': [425, 425], 'https://m.media-amazon.com/images/I/71c0ZqeB3fL._AC_SX466_.jpg': [466, 466], 'https://m.media-amazon.com/images/I/71c0ZqeB3fL._AC_SX522_.jpg': [522, 522], 'https://m.media-amazon.com/images/I/71c0ZqeB3fL._AC_SX569_.jpg': [569, 569], 'https://m.media-amazon.com/images/I/71c0ZqeB3fL._AC_SX679_.jpg': [679, 679]}, 'variant': 'PT03', 'lowRes': None, 'shoppableScene': None, 'feedbackMetadata': ''}, {'hiRes': 'https://m.media-amazon.com/images/I/71UkCT0L7dL._AC_SL1500_.jpg', 'thumb': 'https://m.media-amazon.com/images/I/51hGL1KM1KL._AC_US40_.jpg', 'large': 'https://m.media-amazon.com/images/I/51hGL1KM1KL._AC_.jpg', 'main': {'https://m.media-amazon.com/images/I/71UkCT0L7dL._AC_SY355_.jpg': [355, 355], 'https://m.media-amazon.com/images/I/71UkCT0L7dL._AC_SY450_.jpg': [450, 450], 'https://m.media-amazon.com/images/I/71UkCT0L7dL._AC_SX425_.jpg': [425, 425], 'https://m.media-amazon.com/images/I/71UkCT0L7dL._AC_SX466_.jpg': [466, 466], 'https://m.media-amazon.com/images/I/71UkCT0L7dL._AC_SX522_.jpg': [522, 522], 'https://m.media-amazon.com/images/I/71UkCT0L7dL._AC_SX569_.jpg': [569, 569], 'https://m.media-amazon.com/images/I/71UkCT0L7dL._AC_SX679_.jpg': [679, 679]}, 'variant': 'PT04', 'lowRes': None, 'shoppableScene': None, 'feedbackMetadata': ''}, {'hiRes': 'https://m.media-amazon.com/images/I/71YrcNzHl6L._AC_SL1500_.jpg', 'thumb': 'https://m.media-amazon.com/images/I/41JpyXWYAmL._AC_US40_.jpg', 'large': 'https://m.media-amazon.com/images/I/41JpyXWYAmL._AC_.jpg', 'main': {'https://m.media-amazon.com/images/I/71YrcNzHl6L._AC_SY355_.jpg': [355, 355], 'https://m.media-amazon.com/images/I/71YrcNzHl6L._AC_SY450_.jpg': [450, 450], 'https://m.media-amazon.com/images/I/71YrcNzHl6L._AC_SX425_.jpg': [425, 425], 'https://m.media-amazon.com/images/I/71YrcNzHl6L._AC_SX466_.jpg': [466, 466], 'https://m.media-amazon.com/images/I/71YrcNzHl6L._AC_SX522_.jpg': [522, 522], 'https://m.media-amazon.com/images/I/71YrcNzHl6L._AC_SX569_.jpg': [569, 569], 'https://m.media-amazon.com/images/I/71YrcNzHl6L._AC_SX679_.jpg': [679, 679]}, 'variant': 'PT05', 'lowRes': None, 'shoppableScene': None, 'feedbackMetadata': ''}]","{""B0CLCPM63P"":[""Nickel-plated""],""B0CLCMY6JH"":[""Silver-plated""]}"
"Yamaha YFL-677H Professional Flute - C# Trill, Split E, and Gizmo Key","$4,631.99",5 out of 5 stars,,"Professional Concert Flute with Sterling Silver Body,Offset G Key System,Silver-plated Keys,C# Trill Key,Carrying Bag","[{'hiRes': 'https://m.media-amazon.com/images/I/51EjC3d+gfL._AC_SL1500_.jpg', 'thumb': 'https://m.media-amazon.com/images/I/216GyHH-YtL._AC_US40_.jpg', 'large': 'https://m.media-amazon.com/images/I/216GyHH-YtL._AC_.jpg', 'main': {'https://m.media-amazon.com/images/I/51EjC3d+gfL._AC_SX355_.jpg': [156, 355], 'https://m.media-amazon.com/images/I/51EjC3d+gfL._AC_SX450_.jpg': [198, 450], 'https://m.media-amazon.com/images/I/51EjC3d+gfL._AC_SX425_.jpg': [187, 425], 'https://m.media-amazon.com/images/I/51EjC3d+gfL._AC_SX466_.jpg': [205, 466], 'https://m.media-amazon.com/images/I/51EjC3d+gfL._AC_SX522_.jpg': [230, 522], 'https://m.media-amazon.com/images/I/51EjC3d+gfL._AC_SX569_.jpg': [251, 569], 'https://m.media-amazon.com/images/I/51EjC3d+gfL._AC_SX679_.jpg': [299, 679]}, 'variant': 'MAIN', 'lowRes': None, 'shoppableScene': None, 'feedbackMetadata': ''}]",
"NOVICA Decorative Wood Traditional Peruvian Quena Flute, Brown, Jacaranda'",$69.00,4.1 out of 5 stars,,"Size: 15"" H x 1"" Diam.,Authentic: an original NOVICA artisan handcrafted fair trade product.,NOVICA CERTIFIED: Includes an official NOVICA Card certifying the item is authentic, artisan crafted and of exceptional quality,Exceptional Artisan Quality by Benito Tito - crafted with care to be treasured for years to come.,Product info: Jacaranda wood","[{'hiRes': 'https://m.media-amazon.com/images/I/51yic+UiSeL._AC_SL1500_.jpg', 'thumb': 'https://m.media-amazon.com/images/I/21wvr-j1NZL._AC_US40_.jpg', 'large': 'https://m.media-amazon.com/images/I/21wvr-j1NZL._AC_.jpg', 'main': {'https://m.media-amazon.com/images/I/51yic+UiSeL._AC_SY355_.jpg': [355, 355], 'https://m.media-amazon.com/images/I/51yic+UiSeL._AC_SY450_.jpg': [450, 450], 'https://m.media-amazon.com/images/I/51yic+UiSeL._AC_SX425_.jpg': [425, 425], 'https://m.media-amazon.com/images/I/51yic+UiSeL._AC_SX466_.jpg': [466, 466], 'https://m.media-amazon.com/images/I/51yic+UiSeL._AC_SX522_.jpg': [522, 522], 'https://m.media-amazon.com/images/I/51yic+UiSeL._AC_SX569_.jpg': [569, 569], 'https://m.media-amazon.com/images/I/51yic+UiSeL._AC_SX679_.jpg': [679, 679]}, 'variant': 'MAIN', 'lowRes': None, 'shoppableScene': None, 'feedbackMetadata': ''}, {'hiRes': 'https://m.media-amazon.com/images/I/71zGw55E7lL._AC_SL1500_.jpg', 'thumb': 'https://m.media-amazon.com/images/I/51q49WhmyvL._AC_US40_.jpg', 'large': 'https://m.media-amazon.com/images/I/51q49WhmyvL._AC_.jpg', 'main': {'https://m.media-amazon.com/images/I/71zGw55E7lL._AC_SY355_.jpg': [355, 355], 'https://m.media-amazon.com/images/I/71zGw55E7lL._AC_SY450_.jpg': [450, 450], 'https://m.media-amazon.com/images/I/71zGw55E7lL._AC_SX425_.jpg': [425, 425], 'https://m.media-amazon.com/images/I/71zGw55E7lL._AC_SX466_.jpg': [466, 466], 'https://m.media-amazon.com/images/I/71zGw55E7lL._AC_SX522_.jpg': [522, 522], 'https://m.media-amazon.com/images/I/71zGw55E7lL._AC_SX569_.jpg': [569, 569], 'https://m.media-amazon.com/images/I/71zGw55E7lL._AC_SX679_.jpg': [679, 679]}, 'variant': 'PT01', 'lowRes': None, 'shoppableScene': None, 'feedbackMetadata': ''}, {'hiRes': 'https://m.media-amazon.com/images/I/61ZCkPqXcdL._AC_SL1500_.jpg', 'thumb': 'https://m.media-amazon.com/images/I/314GOKeUseL._AC_US40_.jpg', 'large': 'https://m.media-amazon.com/images/I/314GOKeUseL._AC_.jpg', 'main': {'https://m.media-amazon.com/images/I/61ZCkPqXcdL._AC_SY355_.jpg': [355, 355], 'https://m.media-amazon.com/images/I/61ZCkPqXcdL._AC_SY450_.jpg': [450, 450], 'https://m.media-amazon.com/images/I/61ZCkPqXcdL._AC_SX425_.jpg': [425, 425], 'https://m.media-amazon.com/images/I/61ZCkPqXcdL._AC_SX466_.jpg': [466, 466], 'https://m.media-amazon.com/images/I/61ZCkPqXcdL._AC_SX522_.jpg': [522, 522], 'https://m.media-amazon.com/images/I/61ZCkPqXcdL._AC_SX569_.jpg': [569, 569], 'https://m.media-amazon.com/images/I/61ZCkPqXcdL._AC_SX679_.jpg': [679, 679]}, 'variant': 'PT02', 'lowRes': None, 'shoppableScene': None, 'feedbackMetadata': ''}, {'hiRes': 'https://m.media-amazon.com/images/I/81I2FTnByXL._AC_SL1500_.jpg', 'thumb': 'https://m.media-amazon.com/images/I/41rvFVfOrRL._AC_US40_.jpg', 'large': 'https://m.media-amazon.com/images/I/41rvFVfOrRL._AC_.jpg', 'main': {'https://m.media-amazon.com/images/I/81I2FTnByXL._AC_SY355_.jpg': [355, 355], 'https://m.media-amazon.com/images/I/81I2FTnByXL._AC_SY450_.jpg': [450, 450], 'https://m.media-amazon.com/images/I/81I2FTnByXL._AC_SX425_.jpg': [425, 425], 'https://m.media-amazon.com/images/I/81I2FTnByXL._AC_SX466_.jpg': [466, 466], 'https://m.media-amazon.com/images/I/81I2FTnByXL._AC_SX522_.jpg': [522, 522], 'https://m.media-amazon.com/images/I/81I2FTnByXL._AC_SX569_.jpg': [569, 569], 'https://m.media-amazon.com/images/I/81I2FTnByXL._AC_SX679_.jpg': [679, 679]}, 'variant': 'PT03', 'lowRes': None, 'shoppableScene': None, 'feedbackMetadata': ''}, {'hiRes': 'https://m.media-amazon.com/images/I/71KZFfnPulL._AC_SL1500_.jpg', 'thumb': 'https://m.media-amazon.com/images/I/31P5rLmIVUL._AC_US40_.jpg', 'large': 'https://m.media-amazon.com/images/I/31P5rLmIVUL._AC_.jpg', 'main': {'https://m.media-amazon.com/images/I/71KZFfnPulL._AC_SY355_.jpg': [355, 355], 'https://m.media-amazon.com/images/I/71KZFfnPulL._AC_SY450_.jpg': [450, 450], 'https://m.media-amazon.com/images/I/71KZFfnPulL._AC_SX425_.jpg': [425, 425], 'https://m.media-amazon.com/images/I/71KZFfnPulL._AC_SX466_.jpg': [466, 466], 'https://m.media-amazon.com/images/I/71KZFfnPulL._AC_SX522_.jpg': [522, 522], 'https://m.media-amazon.com/images/I/71KZFfnPulL._AC_SX569_.jpg': [569, 569], 'https://m.media-amazon.com/images/I/71KZFfnPulL._AC_SX679_.jpg': [679, 679]}, 'variant': 'PT04', 'lowRes': None, 'shoppableScene': None, 'feedbackMetadata': ''}, {'hiRes': 'https://m.media-amazon.com/images/I/61vcSRFWmxL._AC_SL1500_.jpg', 'thumb': 'https://m.media-amazon.com/images/I/31I6W4ynUML._AC_US40_.jpg', 'large': 'https://m.media-amazon.com/images/I/31I6W4ynUML._AC_.jpg', 'main': {'https://m.media-amazon.com/images/I/61vcSRFWmxL._AC_SY355_.jpg': [355, 354], 'https://m.media-amazon.com/images/I/61vcSRFWmxL._AC_SY450_.jpg': [450, 448], 'https://m.media-amazon.com/images/I/61vcSRFWmxL._AC_SX425_.jpg': [427, 425], 'https://m.media-amazon.com/images/I/61vcSRFWmxL._AC_SX466_.jpg': [468, 466], 'https://m.media-amazon.com/images/I/61vcSRFWmxL._AC_SX522_.jpg': [524, 522], 'https://m.media-amazon.com/images/I/61vcSRFWmxL._AC_SX569_.jpg': [571, 569], 'https://m.media-amazon.com/images/I/61vcSRFWmxL._AC_SX679_.jpg': [682, 679]}, 'variant': 'PT05', 'lowRes': None, 'shoppableScene': None, 'feedbackMetadata': ''}, {'hiRes': 'https://m.media-amazon.com/images/I/71BabgR+djL._AC_SL1500_.jpg', 'thumb': 'https://m.media-amazon.com/images/I/31AT1xDbMsL._AC_US40_.jpg', 'large': 'https://m.media-amazon.com/images/I/31AT1xDbMsL._AC_.jpg', 'main': {'https://m.media-amazon.com/images/I/71BabgR+djL._AC_SY355_.jpg': [355, 355], 'https://m.media-amazon.com/images/I/71BabgR+djL._AC_SY450_.jpg': [450, 450], 'https://m.media-amazon.com/images/I/71BabgR+djL._AC_SX425_.jpg': [425, 425], 'https://m.media-amazon.com/images/I/71BabgR+djL._AC_SX466_.jpg': [466, 466], 'https://m.media-amazon.com/images/I/71BabgR+djL._AC_SX522_.jpg': [522, 522], 'https://m.media-amazon.com/images/I/71BabgR+djL._AC_SX569_.jpg': [569, 569], 'https://m.media-amazon.com/images/I/71BabgR+djL._AC_SX679_.jpg': [679, 679]}, 'variant': 'PT08', 'lowRes': None, 'shoppableScene': None, 'feedbackMetadata': ''}]",
"Recorder Instrument for Beginner Kids Adults,8-Hole Soprano Descant Recorder Music Flute with with Cleaning Rod & Leather Case For School Student Home Entertainment(2-Pink Splash-ink)",$13.99,4.6 out of 5 stars,,"🎵Safe and Durable Material -- Made of food-grade ABS resin, our recorder is non-toxic, lightweight, and waterproof. It's safe for children to use and can withstand wear and tear.,🎵Beatiful Sound -- The recorder produces a melodious, pure, and warm sound, making it the perfect choice for beginners. Its excellent high/low tune is suitable for both daily practice and onstage performance. Thousands of players have chosen it, and it's band-approved.,🎵Perfect For Beginners -- Our exquisite workmanship and stable quality ensure that every flauta dulce has an exact tone and clear voice, passing at least 3 inspections by a tuner. With bright timbre and simple fingering, even kid music beginners can easily play an 8-hole alto recorder instrument.,🎵Complete Package --The package includes everything you need to get started:recorder, a fingering chart, cleaning kit, leather case.Jasenna' kids flutes fulfill most of music beginner players' needs as an entry-level musical instrument.,🎵Great Gift Idea -- Our recorder is a wonderful gift for beginners, kids, children, and students who are interested in learning to play an instrument. It's a bass music recorder instrument that will provide hours of entertainment and joy.","[{'hiRes': 'https://m.media-amazon.com/images/I/71KPYnXt1XL._AC_SL1500_.jpg', 'thumb': 'https://m.media-amazon.com/images/I/414fbF9VYfL._AC_US40_.jpg', 'large': 'https://m.media-amazon.com/images/I/414fbF9VYfL._AC_.jpg', 'main': {'https://m.media-amazon.com/images/I/71KPYnXt1XL._AC_SY355_.jpg': [355, 355], 'https://m.media-amazon.com/images/I/71KPYnXt1XL._AC_SY450_.jpg': [450, 450], 'https://m.media-amazon.com/images/I/71KPYnXt1XL._AC_SX425_.jpg': [425, 425], 'https://m.media-amazon.com/images/I/71KPYnXt1XL._AC_SX466_.jpg': [466, 466], 'https://m.media-amazon.com/images/I/71KPYnXt1XL._AC_SX522_.jpg': [522, 522], 'https://m.media-amazon.com/images/I/71KPYnXt1XL._AC_SX569_.jpg': [569, 569], 'https://m.media-amazon.com/images/I/71KPYnXt1XL._AC_SX679_.jpg': [679, 679]}, 'variant': 'MAIN', 'lowRes': None, 'shoppableScene': None, 'feedbackMetadata': ''}, {'hiRes': 'https://m.media-amazon.com/images/I/71xu7V1k-nL._AC_SL1500_.jpg', 'thumb': 'https://m.media-amazon.com/images/I/41ri9nJv+8L._AC_US40_.jpg', 'large': 'https://m.media-amazon.com/images/I/41ri9nJv+8L._AC_.jpg', 'main': {'https://m.media-amazon.com/images/I/71xu7V1k-nL._AC_SY355_.jpg': [355, 355], 'https://m.media-amazon.com/images/I/71xu7V1k-nL._AC_SY450_.jpg': [450, 450], 'https://m.media-amazon.com/images/I/71xu7V1k-nL._AC_SX425_.jpg': [425, 425], 'https://m.media-amazon.com/images/I/71xu7V1k-nL._AC_SX466_.jpg': [466, 466], 'https://m.media-amazon.com/images/I/71xu7V1k-nL._AC_SX522_.jpg': [522, 522], 'https://m.media-amazon.com/images/I/71xu7V1k-nL._AC_SX569_.jpg': [569, 569], 'https://m.media-amazon.com/images/I/71xu7V1k-nL._AC_SX679_.jpg': [679, 679]}, 'variant': 'PT01', 'lowRes': None, 'shoppableScene': None, 'feedbackMetadata': ''}, {'hiRes': 'https://m.media-amazon.com/images/I/71WSKDjeHBL._AC_SL1500_.jpg', 'thumb': 'https://m.media-amazon.com/images/I/41mhAn-ILhL._AC_US40_.jpg', 'large': 'https://m.media-amazon.com/images/I/41mhAn-ILhL._AC_.jpg', 'main': {'https://m.media-amazon.com/images/I/71WSKDjeHBL._AC_SY355_.jpg': [355, 355], 'https://m.media-amazon.com/images/I/71WSKDjeHBL._AC_SY450_.jpg': [450, 450], 'https://m.media-amazon.com/images/I/71WSKDjeHBL._AC_SX425_.jpg': [425, 425], 'https://m.media-amazon.com/images/I/71WSKDjeHBL._AC_SX466_.jpg': [466, 466], 'https://m.media-amazon.com/images/I/71WSKDjeHBL._AC_SX522_.jpg': [522, 522], 'https://m.media-amazon.com/images/I/71WSKDjeHBL._AC_SX569_.jpg': [569, 569], 'https://m.media-amazon.com/images/I/71WSKDjeHBL._AC_SX679_.jpg': [679, 679]}, 'variant': 'PT02', 'lowRes': None, 'shoppableScene': None, 'feedbackMetadata': ''}, {'hiRes': 'https://m.media-amazon.com/images/I/61jvFKYK1UL._AC_SL1500_.jpg', 'thumb': 'https://m.media-amazon.com/images/I/41kC37jekRL._AC_US40_.jpg', 'large': 'https://m.media-amazon.com/images/I/41kC37jekRL._AC_.jpg', 'main': {'https://m.media-amazon.com/images/I/61jvFKYK1UL._AC_SY355_.jpg': [355, 355], 'https://m.media-amazon.com/images/I/61jvFKYK1UL._AC_SY450_.jpg': [450, 450], 'https://m.media-amazon.com/images/I/61jvFKYK1UL._AC_SX425_.jpg': [425, 425], 'https://m.media-amazon.com/images/I/61jvFKYK1UL._AC_SX466_.jpg': [466, 466], 'https://m.media-amazon.com/images/I/61jvFKYK1UL._AC_SX522_.jpg': [522, 522], 'https://m.media-amazon.com/images/I/61jvFKYK1UL._AC_SX569_.jpg': [569, 569], 'https://m.media-amazon.com/images/I/61jvFKYK1UL._AC_SX679_.jpg': [679, 679]}, 'variant': 'PT03', 'lowRes': None, 'shoppableScene': None, 'feedbackMetadata': ''}, {'hiRes': 'https://m.media-amazon.com/images/I/61LP3kyuMhL._AC_SL1500_.jpg', 'thumb': 'https://m.media-amazon.com/images/I/41qPWThW-8L._AC_US40_.jpg', 'large': 'https://m.media-amazon.com/images/I/41qPWThW-8L._AC_.jpg', 'main': {'https://m.media-amazon.com/images/I/61LP3kyuMhL._AC_SY355_.jpg': [355, 355], 'https://m.media-amazon.com/images/I/61LP3kyuMhL._AC_SY450_.jpg': [450, 450], 'https://m.media-amazon.com/images/I/61LP3kyuMhL._AC_SX425_.jpg': [425, 425], 'https://m.media-amazon.com/images/I/61LP3kyuMhL._AC_SX466_.jpg': [466, 466], 'https://m.media-amazon.com/images/I/61LP3kyuMhL._AC_SX522_.jpg': [522, 522], 'https://m.media-amazon.com/images/I/61LP3kyuMhL._AC_SX569_.jpg': [569, 569], 'https://m.media-amazon.com/images/I/61LP3kyuMhL._AC_SX679_.jpg': [679, 679]}, 'variant': 'PT04', 'lowRes': None, 'shoppableScene': None, 'feedbackMetadata': ''}, {'hiRes': 'https://m.media-amazon.com/images/I/71w6FI8qYhL._AC_SL1500_.jpg', 'thumb': 'https://m.media-amazon.com/images/I/41w4gBriULL._AC_US40_.jpg', 'large': 'https://m.media-amazon.com/images/I/41w4gBriULL._AC_.jpg', 'main': {'https://m.media-amazon.com/images/I/71w6FI8qYhL._AC_SY355_.jpg': [355, 355], 'https://m.media-amazon.com/images/I/71w6FI8qYhL._AC_SY450_.jpg': [450, 450], 'https://m.media-amazon.com/images/I/71w6FI8qYhL._AC_SX425_.jpg': [425, 425], 'https://m.media-amazon.com/images/I/71w6FI8qYhL._AC_SX466_.jpg': [466, 466], 'https://m.media-amazon.com/images/I/71w6FI8qYhL._AC_SX522_.jpg': [522, 522], 'https://m.media-amazon.com/images/I/71w6FI8qYhL._AC_SX569_.jpg': [569, 569], 'https://m.media-amazon.com/images/I/71w6FI8qYhL._AC_SX679_.jpg': [679, 679]}, 'variant': 'PT05', 'lowRes': None, 'shoppableScene': None, 'feedbackMetadata': ''}, {'hiRes': 'https://m.media-amazon.com/images/I/81RXNXWCXjL._AC_SL1500_.jpg', 'thumb': 'https://m.media-amazon.com/images/I/51Ta7vhDx8L._AC_US40_.jpg', 'large': 'https://m.media-amazon.com/images/I/51Ta7vhDx8L._AC_.jpg', 'main': {'https://m.media-amazon.com/images/I/81RXNXWCXjL._AC_SY355_.jpg': [355, 355], 'https://m.media-amazon.com/images/I/81RXNXWCXjL._AC_SY450_.jpg': [450, 450], 'https://m.media-amazon.com/images/I/81RXNXWCXjL._AC_SX425_.jpg': [425, 425], 'https://m.media-amazon.com/images/I/81RXNXWCXjL._AC_SX466_.jpg': [466, 466], 'https://m.media-amazon.com/images/I/81RXNXWCXjL._AC_SX522_.jpg': [522, 522], 'https://m.media-amazon.com/images/I/81RXNXWCXjL._AC_SX569_.jpg': [569, 569], 'https://m.media-amazon.com/images/I/81RXNXWCXjL._AC_SX679_.jpg': [679, 679]}, 'variant': 'PT06', 'lowRes': None, 'shoppableScene': None, 'feedbackMetadata': ''}, {'hiRes': 'https://m.media-amazon.com/images/I/71gtJs4LuTL._AC_SL1500_.jpg', 'thumb': 'https://m.media-amazon.com/images/I/41NurNLpBdL._AC_US40_.jpg', 'large': 'https://m.media-amazon.com/images/I/41NurNLpBdL._AC_.jpg', 'main': {'https://m.media-amazon.com/images/I/71gtJs4LuTL._AC_SY355_.jpg': [355, 355], 'https://m.media-amazon.com/images/I/71gtJs4LuTL._AC_SY450_.jpg': [450, 450], 'https://m.media-amazon.com/images/I/71gtJs4LuTL._AC_SX425_.jpg': [425, 425], 'https://m.media-amazon.com/images/I/71gtJs4LuTL._AC_SX466_.jpg': [466, 466], 'https://m.media-amazon.com/images/I/71gtJs4LuTL._AC_SX522_.jpg': [522, 522], 'https://m.media-amazon.com/images/I/71gtJs4LuTL._AC_SX569_.jpg': [569, 569], 'https://m.media-amazon.com/images/I/71gtJs4LuTL._AC_SX679_.jpg': [679, 679]}, 'variant': 'PT07', 'lowRes': None, 'shoppableScene': None, 'feedbackMetadata': ''}]","{""B0DWDDNQPJ"":[""3-Pieces"",""3-Carved Black""],""B0D412ST5T"":[""6-Pieces"",""6-Woven Pink""],""B0D412STRJ"":[""6-Pieces"",""6-Woven Black""],""B0C4KWSBD1"":[""2-Pieces"",""2-Pink Splash-ink""],""B0DC66258K"":[""2-Pieces"",""2-Flash Woven Blue""],""B0CJT1SLD1"":[""2-Pieces"",""2-Peach Blossom""],""B0DXF5ZY94"":[""2-Pieces"",""2-Woven Sliver""],""B0CHRCDD5M"":[""2-Pieces"",""2-White Gold Splash-ink""],""B0CHRDS8BB"":[""2-Pieces"",""2-Pink Green Splash-ink""],""B0C4KZF7PG"":[""2-Pieces"",""2-Black Marble""],""B0DW41848G"":[""2-Pieces"",""2-Carved Pink""],""B0D1Q6B5WJ"":[""2-Pieces"",""2-Wood Dark Brown""],""B0C4KZDPX1"":[""2-Pieces"",""2-Blue Green Splash-ink""],""B0DXF67RVM"":[""2-Pieces"",""2-Woven Gold""],""B0DWDQLXDX"":[""3-Pieces"",""3-Carved Pink""],""B0D1QS1GMT"":[""2-Pieces"",""2-Wood Light Brown""],""B0CB88JCVX"":[""2-Pieces"",""2-Purple Blue Splash-ink""],""B0CB87RKSV"":[""2-Pieces"",""2-Woven Black""],""B0DW3Q2888"":[""2-Pieces"",""2-Carved Black""],""B0CB889RN6"":[""2-Pieces"",""2-Woven Brown""],""B0CB88LRKJ"":[""2-Pieces"",""2-Woven Pink""],""B0DWDTQBJ1"":[""3-Pieces"",""3-Carved Blue""],""B0DWFCJYKN"":[""3-Pieces"",""3-Carved White""],""B0CGTMN7Y3"":[""4-Pieces"",""2-Woven Brown""],""B0CHRCFZRY"":[""2-Pieces"",""2-Sunflower""],""B0D1QJ6MYS"":[""2-Pieces"",""2-Wood Light Grey""],""B0D4134CP4"":[""6-Pieces"",""6-Beige""],""B0DXF4HBRB"":[""2-Pieces"",""2-Flash Woven Pink2""],""B0CJT7X7X5"":[""2-Pieces"",""2-Colorful Flower""],""B0C4KWJ3YR"":[""2-Pieces"",""2-Gold Leaf""],""B0DXF4MHK9"":[""2-Pieces"",""2-Flash Woven Blue2""],""B0D1QBR622"":[""2-Pieces"",""2-Wood Beige""],""B0DC65TNYN"":[""2-Pieces"",""2-Flash Woven Pink""],""B0D1QN273M"":[""2-Pieces"",""2-Woven Grey""],""B0DXF5DNFW"":[""2-Pieces"",""2-Woven Mocha Green""],""B0D4146G5S"":[""6-Pieces"",""6-Woven Brown""],""B0CKSCS2PK"":[""2-Pieces"",""2-Green Rose""],""B0D413GXH1"":[""6-Pieces"",""6-Woven Grey""]}"
Unique Birthday Gift Ideas 14 Inch Authentic Indian Wooden Bamboo Flute in 'F' Key Fipple Woodwind Musical Instrument Recorder Traditional Bansuri Hand Crafted Novelty Gifts Ideas For Men Women,$6.89,2.6 out of 5 stars,,"14 Inch - Key 'F' - 6 Open Holes,AUTHENTIC - Exquisite quality, light weight Bamboo Wood, ideal for woodwind instruments.,HANDCRAFTED - Each flute comes with its unique, natural Bamboo Wood finish. The decorative colored bands may vary slightly with each flute.,FUNCTIONAL - Light weight. Simple to learn. Fun to play. Classic design,GREAT GIFT IDEA - While it creates the perfect pitch to be used professionally, anyone so inclined would absolutely love this as a gift as well. Great educational accessory or novelty gift idea for the musically inclined. The product is packed securely & safely and then exported directly to the Amazon Fulfillment Centers in the US, and fulfilled using the quickest and safest logistics partners, while being covered by the Amazon returns, refunds & replacement policy","[{'hiRes': 'https://m.media-amazon.com/images/I/61B0PZ-WDsL._AC_SL1500_.jpg', 'thumb': 'https://m.media-amazon.com/images/I/21U2qh4rEpL._AC_US40_.jpg', 'large': 'https://m.media-amazon.com/images/I/21U2qh4rEpL._AC_.jpg', 'main': {'https://m.media-amazon.com/images/I/61B0PZ-WDsL._AC_SX355_.jpg': [355, 355], 'https://m.media-amazon.com/images/I/61B0PZ-WDsL._AC_SX450_.jpg': [450, 450], 'https://m.media-amazon.com/images/I/61B0PZ-WDsL._AC_SX425_.jpg': [425, 425], 'https://m.media-amazon.com/images/I/61B0PZ-WDsL._AC_SX466_.jpg': [466, 466], 'https://m.media-amazon.com/images/I/61B0PZ-WDsL._AC_SX522_.jpg': [522, 522], 'https://m.media-amazon.com/images/I/61B0PZ-WDsL._AC_SX569_.jpg': [569, 569], 'https://m.media-amazon.com/images/I/61B0PZ-WDsL._AC_SX679_.jpg': [679, 679]}, 'variant': 'MAIN', 'lowRes': None, 'shoppableScene': None, 'feedbackMetadata': ''}, {'hiRes': 'https://m.media-amazon.com/images/I/51wH8lHwukL._AC_SL1500_.jpg', 'thumb': 'https://m.media-amazon.com/images/I/21gq0+VzGsL._AC_US40_.jpg', 'large': 'https://m.media-amazon.com/images/I/21gq0+VzGsL._AC_.jpg', 'main': {'https://m.media-amazon.com/images/I/51wH8lHwukL._AC_SX355_.jpg': [355, 355], 'https://m.media-amazon.com/images/I/51wH8lHwukL._AC_SX450_.jpg': [450, 450], 'https://m.media-amazon.com/images/I/51wH8lHwukL._AC_SX425_.jpg': [425, 425], 'https://m.media-amazon.com/images/I/51wH8lHwukL._AC_SX466_.jpg': [466, 466], 'https://m.media-amazon.com/images/I/51wH8lHwukL._AC_SX522_.jpg': [522, 522], 'https://m.media-amazon.com/images/I/51wH8lHwukL._AC_SX569_.jpg': [569, 569], 'https://m.media-amazon.com/images/I/51wH8lHwukL._AC_SX679_.jpg': [679, 679]}, 'variant': 'PT01', 'lowRes': None, 'shoppableScene': None, 'feedbackMetadata': ''}, {'hiRes': None, 'thumb': 'https://m.media-amazon.com/images/I/41QHSV-JMlL._AC_US40_.jpg', 'large': 'https://m.media-amazon.com/images/I/41QHSV-JMlL._AC_.jpg', 'main': {'https://m.media-amazon.com/images/I/41QHSV-JMlL._AC_SX355_.jpg': [316, 355], 'https://m.media-amazon.com/images/I/41QHSV-JMlL._AC_SX450_.jpg': [401, 450], 'https://m.media-amazon.com/images/I/41QHSV-JMlL._AC_SX425_.jpg': [379, 425], 'https://m.media-amazon.com/images/I/41QHSV-JMlL._AC_SX466_.jpg': [415, 466], 'https://m.media-amazon.com/images/I/41QHSV-JMlL._AC_SX522_.jpg': [465, 522], 'https://m.media-amazon.com/images/I/41QHSV-JMlL._AC_SX569_.jpg': [507, 569], 'https://m.media-amazon.com/images/I/41QHSV-JMlL._AC_.jpg': [605, 679]}, 'variant': 'PT02', 'lowRes': None, 'shoppableScene': None, 'feedbackMetadata': ''}, {'hiRes': 'https://m.media-amazon.com/images/I/51WKx-sd3ML._AC_SL1200_.jpg', 'thumb': 'https://m.media-amazon.com/images/I/317WMRt3gPL._AC_US40_.jpg', 'large': 'https://m.media-amazon.com/images/I/317WMRt3gPL._AC_.jpg', 'main': {'https://m.media-amazon.com/images/I/51WKx-sd3ML._AC_SX355_.jpg': [186, 355], 'https://m.media-amazon.com/images/I/51WKx-sd3ML._AC_SX450_.jpg': [236, 450], 'https://m.media-amazon.com/images/I/51WKx-sd3ML._AC_SX425_.jpg': [222, 425], 'https://m.media-amazon.com/images/I/51WKx-sd3ML._AC_SX466_.jpg': [244, 466], 'https://m.media-amazon.com/images/I/51WKx-sd3ML._AC_SX522_.jpg': [273, 522], 'https://m.media-amazon.com/images/I/51WKx-sd3ML._AC_SX569_.jpg': [298, 569], 'https://m.media-amazon.com/images/I/51WKx-sd3ML._AC_SX679_.jpg': [355, 679]}, 'variant': 'PT03', 'lowRes': None, 'shoppableScene': None, 'feedbackMetadata': ''}, {'hiRes': 'https://m.media-amazon.com/images/I/71frKtUm7eL._AC_SL1200_.jpg', 'thumb': 'https://m.media-amazon.com/images/I/51em6h4JZcL._AC_US40_.jpg', 'large': 'https://m.media-amazon.com/images/I/51em6h4JZcL._AC_.jpg', 'main': {'https://m.media-amazon.com/images/I/71frKtUm7eL._AC_SX355_.jpg': [186, 355], 'https://m.media-amazon.com/images/I/71frKtUm7eL._AC_SX450_.jpg': [236, 450], 'https://m.media-amazon.com/images/I/71frKtUm7eL._AC_SX425_.jpg': [222, 425], 'https://m.media-amazon.com/images/I/71frKtUm7eL._AC_SX466_.jpg': [244, 466], 'https://m.media-amazon.com/images/I/71frKtUm7eL._AC_SX522_.jpg': [273, 522], 'https://m.media-amazon.com/images/I/71frKtUm7eL._AC_SX569_.jpg': [298, 569], 'https://m.media-amazon.com/images/I/71frKtUm7eL._AC_SX679_.jpg': [355, 679]}, 'variant': 'PT04', 'lowRes': None, 'shoppableScene': None, 'feedbackMetadata': ''}, {'hiRes': 'https://m.media-amazon.com/images/I/61SjNVWEfxL._AC_SL1080_.jpg', 'thumb': 'https://m.media-amazon.com/images/I/51ZK3kMLR0L._AC_US40_.jpg', 'large': 'https://m.media-amazon.com/images/I/51ZK3kMLR0L._AC_.jpg', 'main': {'https://m.media-amazon.com/images/I/61SjNVWEfxL._AC_SY355_.jpg': [355, 355], 'https://m.media-amazon.com/images/I/61SjNVWEfxL._AC_SY450_.jpg': [450, 450], 'https://m.media-amazon.com/images/I/61SjNVWEfxL._AC_SX425_.jpg': [425, 425], 'https://m.media-amazon.com/images/I/61SjNVWEfxL._AC_SX466_.jpg': [466, 466], 'https://m.media-amazon.com/images/I/61SjNVWEfxL._AC_SX522_.jpg': [522, 522], 'https://m.media-amazon.com/images/I/61SjNVWEfxL._AC_SX569_.jpg': [569, 569], 'https://m.media-amazon.com/images/I/61SjNVWEfxL._AC_SX679_.jpg': [679, 679]}, 'variant': 'PT05', 'lowRes': None, 'shoppableScene': None, 'feedbackMetadata': ''}, {'hiRes': 'https://m.media-amazon.com/images/I/61wW-S6boGL._AC_SL1500_.jpg', 'thumb': 'https://m.media-amazon.com/images/I/21rRAWLD1EL._AC_US40_.jpg', 'large': 'https://m.media-amazon.com/images/I/21rRAWLD1EL._AC_.jpg', 'main': {'https://m.media-amazon.com/images/I/61wW-S6boGL._AC_SX355_.jpg': [355, 355], 'https://m.media-amazon.com/images/I/61wW-S6boGL._AC_SX450_.jpg': [450, 450], 'https://m.media-amazon.com/images/I/61wW-S6boGL._AC_SX425_.jpg': [425, 425], 'https://m.media-amazon.com/images/I/61wW-S6boGL._AC_SX466_.jpg': [466, 466], 'https://m.media-amazon.com/images/I/61wW-S6boGL._AC_SX522_.jpg': [522, 522], 'https://m.media-amazon.com/images/I/61wW-S6boGL._AC_SX569_.jpg': [569, 569], 'https://m.media-amazon.com/images/I/61wW-S6boGL._AC_SX679_.jpg': [679, 679]}, 'variant': 'PT06', 'lowRes': None, 'shoppableScene': None, 'feedbackMetadata': ''}, {'hiRes': 'https://m.media-amazon.com/images/I/612lcnK9zlL._AC_SL1500_.jpg', 'thumb': 'https://m.media-amazon.com/images/I/3177Bk1TFsL._AC_US40_.jpg', 'large': 'https://m.media-amazon.com/images/I/3177Bk1TFsL._AC_.jpg', 'main': {'https://m.media-amazon.com/images/I/612lcnK9zlL._AC_SX355_.jpg': [355, 355], 'https://m.media-amazon.com/images/I/612lcnK9zlL._AC_SX450_.jpg': [450, 450], 'https://m.media-amazon.com/images/I/612lcnK9zlL._AC_SX425_.jpg': [425, 425], 'https://m.media-amazon.com/images/I/612lcnK9zlL._AC_SX466_.jpg': [466, 466], 'https://m.media-amazon.com/images/I/612lcnK9zlL._AC_SX522_.jpg': [522, 522], 'https://m.media-amazon.com/images/I/612lcnK9zlL._AC_SX569_.jpg': [569, 569], 'https://m.media-amazon.com/images/I/612lcnK9zlL._AC_SX679_.jpg': [679, 679]}, 'variant': 'PT07', 'lowRes': None, 'shoppableScene': None, 'feedbackMetadata': ''}, {'hiRes': 'https://m.media-amazon.com/images/I/61IUmjgJSlL._AC_SL1500_.jpg', 'thumb': 'https://m.media-amazon.com/images/I/215kqauZRSL._AC_US40_.jpg', 'large': 'https://m.media-amazon.com/images/I/215kqauZRSL._AC_.jpg', 'main': {'https://m.media-amazon.com/images/I/61IUmjgJSlL._AC_SX355_.jpg': [355, 355], 'https://m.media-amazon.com/images/I/61IUmjgJSlL._AC_SX450_.jpg': [450, 450], 'https://m.media-amazon.com/images/I/61IUmjgJSlL._AC_SX425_.jpg': [425, 425], 'https://m.media-amazon.com/images/I/61IUmjgJSlL._AC_SX466_.jpg': [466, 466], 'https://m.media-amazon.com/images/I/61IUmjgJSlL._AC_SX522_.jpg': [522, 522], 'https://m.media-amazon.com/images/I/61IUmjgJSlL._AC_SX569_.jpg': [569, 569], 'https://m.media-amazon.com/images/I/61IUmjgJSlL._AC_SX679_.jpg': [679, 679]}, 'variant': 'PT08', 'lowRes': None, 'shoppableScene': None, 'feedbackMetadata': ''}]",
Japanese Shinobue Flute 7/8 Hon Handmade Bamboo Flute Musical Instrument (Black 8Hon),$17.99,3.7 out of 5 stars,,,"[{'hiRes': 'https://m.media-amazon.com/images/I/61GPIeC+qVL._AC_SL1500_.jpg', 'thumb': 'https://m.media-amazon.com/images/I/41XRTXAL9EL._AC_US40_.jpg', 'large': 'https://m.media-amazon.com/images/I/41XRTXAL9EL._AC_.jpg', 'main': {'https://m.media-amazon.com/images/I/61GPIeC+qVL._AC_SY355_.jpg': [355, 355], 'https://m.media-amazon.com/images/I/61GPIeC+qVL._AC_SY450_.jpg': [450, 450], 'https://m.media-amazon.com/images/I/61GPIeC+qVL._AC_SX425_.jpg': [425, 425], 'https://m.media-amazon.com/images/I/61GPIeC+qVL._AC_SX466_.jpg': [466, 466], 'https://m.media-amazon.com/images/I/61GPIeC+qVL._AC_SX522_.jpg': [522, 522], 'https://m.media-amazon.com/images/I/61GPIeC+qVL._AC_SX569_.jpg': [569, 569], 'https://m.media-amazon.com/images/I/61GPIeC+qVL._AC_SX679_.jpg': [679, 679]}, 'variant': 'MAIN', 'lowRes': None, 'shoppableScene': None, 'feedbackMetadata': ''}, {'hiRes': None, 'thumb': 'https://m.media-amazon.com/images/I/21uMnndVJDL._AC_US40_.jpg', 'large': 'https://m.media-amazon.com/images/I/21uMnndVJDL._AC_.jpg', 'main': {'https://m.media-amazon.com/images/I/21uMnndVJDL._AC_SY355_.jpg': [355, 355], 'https://m.media-amazon.com/images/I/21uMnndVJDL._AC_.jpg': [400, 400]}, 'variant': 'PT01', 'lowRes': None, 'shoppableScene': None, 'feedbackMetadata': ''}, {'hiRes': 'https://m.media-amazon.com/images/I/51SZwTuqPaL._AC_SL1000_.jpg', 'thumb': 'https://m.media-amazon.com/images/I/41hAZDkGrLL._AC_US40_.jpg', 'large': 'https://m.media-amazon.com/images/I/41hAZDkGrLL._AC_.jpg', 'main': {'https://m.media-amazon.com/images/I/51SZwTuqPaL._AC_SY355_.jpg': [355, 355], 'https://m.media-amazon.com/images/I/51SZwTuqPaL._AC_SY450_.jpg': [450, 450], 'https://m.media-amazon.com/images/I/51SZwTuqPaL._AC_SX425_.jpg': [425, 425], 'https://m.media-amazon.com/images/I/51SZwTuqPaL._AC_SX466_.jpg': [466, 466], 'https://m.media-amazon.com/images/I/51SZwTuqPaL._AC_SX522_.jpg': [522, 522], 'https://m.media-amazon.com/images/I/51SZwTuqPaL._AC_SX569_.jpg': [569, 569], 'https://m.media-amazon.com/images/I/51SZwTuqPaL._AC_SX679_.jpg': [679, 679]}, 'variant': 'PT02', 'lowRes': None, 'shoppableScene': None, 'feedbackMetadata': ''}, {'hiRes': 'https://m.media-amazon.com/images/I/61mqISs5vsL._AC_SL1000_.jpg', 'thumb': 'https://m.media-amazon.com/images/I/41vjur+3M5L._AC_US40_.jpg', 'large': 'https://m.media-amazon.com/images/I/41vjur+3M5L._AC_.jpg', 'main': {'https://m.media-amazon.com/images/I/61mqISs5vsL._AC_SY355_.jpg': [355, 355], 'https://m.media-amazon.com/images/I/61mqISs5vsL._AC_SY450_.jpg': [450, 450], 'https://m.media-amazon.com/images/I/61mqISs5vsL._AC_SX425_.jpg': [425, 425], 'https://m.media-amazon.com/images/I/61mqISs5vsL._AC_SX466_.jpg': [466, 466], 'https://m.media-amazon.com/images/I/61mqISs5vsL._AC_SX522_.jpg': [522, 522], 'https://m.media-amazon.com/images/I/61mqISs5vsL._AC_SX569_.jpg': [569, 569], 'https://m.media-amazon.com/images/I/61mqISs5vsL._AC_SX679_.jpg': [679, 679]}, 'variant': 'PT03', 'lowRes': None, 'shoppableScene': None, 'feedbackMetadata': ''}]",
"SWAN Soprano Recorder Instrument for Beginners Kids Student in School - German Fingering 8 Hole Flute 3pcs ABS Descant Recorders with Cleaning Rod and Fingering Chart, Beige",$6.99,4.7 out of 5 stars,,"SWAN soprano recorder instrument with 8-holes, german fingering system. Package includes 1 soprano recorder, 1 portable storage bag, 1 cleaning rod, and fingering chart.,SWAN soprano recorder made of ABS environment-friendly non-toxic resin, which is safe and durable and can be used for a long time. Ideal for teachers in school teaching, student band practice, and children's musical enlightenment.,SWAN recorder instrument is 3-piece detachable, easy to clean. The soprano recorder set comes with a cleaning stick that helps clean the inside of the recorder and keep it clean.,SWAN flute workmanship is fine and polished. The flute has good intonation, beautiful timbre and without noise when playing. Beginners can play solo or ensemble. SWAN standard recorder instrument is loved by school teachers and students.,Children practicing the clarinet can develop the flexibility and coordination of their hands. Explore and develop children's brains and nurture their artistic and musical talents. SWAN shops offers a 90-day return policy. For more information, you can click on the seller's name at the top of the page: Yinuos. Leave your question and it will be answered within 24 hours.","[{'hiRes': 'https://m.media-amazon.com/images/I/51kMzg+1QYL._AC_SL1500_.jpg', 'thumb': 'https://m.media-amazon.com/images/I/31wO3yAqPrL._AC_US40_.jpg', 'large': 'https://m.media-amazon.com/images/I/31wO3yAqPrL._AC_.jpg', 'main': {'https://m.media-amazon.com/images/I/51kMzg+1QYL._AC_SY355_.jpg': [355, 355], 'https://m.media-amazon.com/images/I/51kMzg+1QYL._AC_SY450_.jpg': [450, 450], 'https://m.media-amazon.com/images/I/51kMzg+1QYL._AC_SX425_.jpg': [425, 425], 'https://m.media-amazon.com/images/I/51kMzg+1QYL._AC_SX466_.jpg': [466, 466], 'https://m.media-amazon.com/images/I/51kMzg+1QYL._AC_SX522_.jpg': [522, 522], 'https://m.media-amazon.com/images/I/51kMzg+1QYL._AC_SX569_.jpg': [569, 569], 'https://m.media-amazon.com/images/I/51kMzg+1QYL._AC_SX679_.jpg': [679, 679]}, 'variant': 'MAIN', 'lowRes': None, 'shoppableScene': None, 'feedbackMetadata': ''}, {'hiRes': 'https://m.media-amazon.com/images/I/71dX1K8BVOL._AC_SL1500_.jpg', 'thumb': 'https://m.media-amazon.com/images/I/41CTaW37zdL._AC_US40_.jpg', 'large': 'https://m.media-amazon.com/images/I/41CTaW37zdL._AC_.jpg', 'main': {'https://m.media-amazon.com/images/I/71dX1K8BVOL._AC_SY355_.jpg': [355, 355], 'https://m.media-amazon.com/images/I/71dX1K8BVOL._AC_SY450_.jpg': [450, 450], 'https://m.media-amazon.com/images/I/71dX1K8BVOL._AC_SX425_.jpg': [425, 425], 'https://m.media-amazon.com/images/I/71dX1K8BVOL._AC_SX466_.jpg': [466, 466], 'https://m.media-amazon.com/images/I/71dX1K8BVOL._AC_SX522_.jpg': [522, 522], 'https://m.media-amazon.com/images/I/71dX1K8BVOL._AC_SX569_.jpg': [569, 569], 'https://m.media-amazon.com/images/I/71dX1K8BVOL._AC_SX679_.jpg': [679, 679]}, 'variant': 'PT01', 'lowRes': None, 'shoppableScene': None, 'feedbackMetadata': ''}, {'hiRes': 'https://m.media-amazon.com/images/I/71yl1JgcU2L._AC_SL1500_.jpg', 'thumb': 'https://m.media-amazon.com/images/I/416MfadQT0L._AC_US40_.jpg', 'large': 'https://m.media-amazon.com/images/I/416MfadQT0L._AC_.jpg', 'main': {'https://m.media-amazon.com/images/I/71yl1JgcU2L._AC_SY355_.jpg': [355, 355], 'https://m.media-amazon.com/images/I/71yl1JgcU2L._AC_SY450_.jpg': [450, 450], 'https://m.media-amazon.com/images/I/71yl1JgcU2L._AC_SX425_.jpg': [425, 425], 'https://m.media-amazon.com/images/I/71yl1JgcU2L._AC_SX466_.jpg': [466, 466], 'https://m.media-amazon.com/images/I/71yl1JgcU2L._AC_SX522_.jpg': [522, 522], 'https://m.media-amazon.com/images/I/71yl1JgcU2L._AC_SX569_.jpg': [569, 569], 'https://m.media-amazon.com/images/I/71yl1JgcU2L._AC_SX679_.jpg': [679, 679]}, 'variant': 'PT02', 'lowRes': None, 'shoppableScene': None, 'feedbackMetadata': ''}, {'hiRes': 'https://m.media-amazon.com/images/I/71ohEWX+SeL._AC_SL1500_.jpg', 'thumb': 'https://m.media-amazon.com/images/I/41dTKDZF++L._AC_US40_.jpg', 'large': 'https://m.media-amazon.com/images/I/41dTKDZF++L._AC_.jpg', 'main': {'https://m.media-amazon.com/images/I/71ohEWX+SeL._AC_SY355_.jpg': [355, 355], 'https://m.media-amazon.com/images/I/71ohEWX+SeL._AC_SY450_.jpg': [450, 450], 'https://m.media-amazon.com/images/I/71ohEWX+SeL._AC_SX425_.jpg': [425, 425], 'https://m.media-amazon.com/images/I/71ohEWX+SeL._AC_SX466_.jpg': [466, 466], 'https://m.media-amazon.com/images/I/71ohEWX+SeL._AC_SX522_.jpg': [522, 522], 'https://m.media-amazon.com/images/I/71ohEWX+SeL._AC_SX569_.jpg': [569, 569], 'https://m.media-amazon.com/images/I/71ohEWX+SeL._AC_SX679_.jpg': [679, 679]}, 'variant': 'PT03', 'lowRes': None, 'shoppableScene': None, 'feedbackMetadata': ''}, {'hiRes': 'https://m.media-amazon.com/images/I/61QFlmkiczL._AC_SL1500_.jpg', 'thumb': 'https://m.media-amazon.com/images/I/41SDNm6u5wL._AC_US40_.jpg', 'large': 'https://m.media-amazon.com/images/I/41SDNm6u5wL._AC_.jpg', 'main': {'https://m.media-amazon.com/images/I/61QFlmkiczL._AC_SY355_.jpg': [355, 355], 'https://m.media-amazon.com/images/I/61QFlmkiczL._AC_SY450_.jpg': [450, 450], 'https://m.media-amazon.com/images/I/61QFlmkiczL._AC_SX425_.jpg': [425, 425], 'https://m.media-amazon.com/images/I/61QFlmkiczL._AC_SX466_.jpg': [466, 466], 'https://m.media-amazon.com/images/I/61QFlmkiczL._AC_SX522_.jpg': [522, 522], 'https://m.media-amazon.com/images/I/61QFlmkiczL._AC_SX569_.jpg': [569, 569], 'https://m.media-amazon.com/images/I/61QFlmkiczL._AC_SX679_.jpg': [679, 679]}, 'variant': 'PT04', 'lowRes': None, 'shoppableScene': None, 'feedbackMetadata': ''}, {'hiRes': 'https://m.media-amazon.com/images/I/61n33LwVM6L._AC_SL1500_.jpg', 'thumb': 'https://m.media-amazon.com/images/I/41-F0fQ7pNL._AC_US40_.jpg', 'large': 'https://m.media-amazon.com/images/I/41-F0fQ7pNL._AC_.jpg', 'main': {'https://m.media-amazon.com/images/I/61n33LwVM6L._AC_SY355_.jpg': [355, 355], 'https://m.media-amazon.com/images/I/61n33LwVM6L._AC_SY450_.jpg': [450, 450], 'https://m.media-amazon.com/images/I/61n33LwVM6L._AC_SX425_.jpg': [425, 425], 'https://m.media-amazon.com/images/I/61n33LwVM6L._AC_SX466_.jpg': [466, 466], 'https://m.media-amazon.com/images/I/61n33LwVM6L._AC_SX522_.jpg': [522, 522], 'https://m.media-amazon.com/images/I/61n33LwVM6L._AC_SX569_.jpg': [569, 569], 'https://m.media-amazon.com/images/I/61n33LwVM6L._AC_SX679_.jpg': [679, 679]}, 'variant': 'PT05', 'lowRes': None, 'shoppableScene': None, 'feedbackMetadata': ''}, {'hiRes': 'https://m.media-amazon.com/images/I/71Kc3j6-riL._AC_SL1500_.jpg', 'thumb': 'https://m.media-amazon.com/images/I/4115uPvlUCL._AC_US40_.jpg', 'large': 'https://m.media-amazon.com/images/I/4115uPvlUCL._AC_.jpg', 'main': {'https://m.media-amazon.com/images/I/71Kc3j6-riL._AC_SY355_.jpg': [355, 355], 'https://m.media-amazon.com/images/I/71Kc3j6-riL._AC_SY450_.jpg': [450, 450], 'https://m.media-amazon.com/images/I/71Kc3j6-riL._AC_SX425_.jpg': [425, 425], 'https://m.media-amazon.com/images/I/71Kc3j6-riL._AC_SX466_.jpg': [466, 466], 'https://m.media-amazon.com/images/I/71Kc3j6-riL._AC_SX522_.jpg': [522, 522], 'https://m.media-amazon.com/images/I/71Kc3j6-riL._AC_SX569_.jpg': [569, 569], 'https://m.media-amazon.com/images/I/71Kc3j6-riL._AC_SX679_.jpg': [679, 679]}, 'variant': 'PT06', 'lowRes': None, 'shoppableScene': None, 'feedbackMetadata': ''}]","{""B0CL6F2FPJ"":[""8 hole flute (Baroque Fingering)"",""Black""],""B0C5SZHGDR"":[""8 hole flute (German Fingering)"",""Beige""],""B0CL6GNL69"":[""8 hole flute (Baroque Fingering)"",""Beige""],""B0C5T2VD8L"":[""8 hole flute (German Fingering)"",""Baby Blue""],""B0CL6FSNGQ"":[""8 hole flute (German Fingering)"",""Royalblue""]}"
